Timestamp,Machine_Uptime,Vibration_Level,Fan_Speed,Camera_Status,Capacity_Level,Weight
2024-08-10 09:00:00,19:07:57,30.28,9,Active,78,10.5
2024-08-10 10:00:00,54:38:47,26.15,7,Failure,15,11.0
2024-08-10 11:00:00,55:49:22,33.49,7,Failure,86,11.5
2024-08-10 12:00:00,34:46:28,31.9,12,Active,65,12.0
2024-08-10 13:00:00,34:30:55,31.74,31,Failure,31,12.5
2024-08-10 14:00:00,02:50:47,31.95,29,Inactive,80,13.0
2024-08-10 15:00:00,41:42:52,25.26,27,Active,81,13.5
2024-08-10 16:00:00,31:21:52,29.48,18,Inactive,94,14.0
2024-08-10 17:00:00,46:08:05,25.8,35,Active,28,14.5
2024-08-10 18:00:00,63:47:12,30.08,21,Active,20,15.0
2024-08-10 19:00:00,55:41:43,30.26,37,Failure,55,15.5
2024-08-10 20:00:00,56:40:22,27.53,25,Failure,44,16.0
2024-08-10 21:00:00,63:46:43,25.45,1,Failure,32,16.5
2024-08-10 22:00:00,50:08:44,29.86,33,Inactive,6,17.0
2024-08-10 23:00:00,62:06:12,26.68,3,Inactive,25,17.5
2024-08-11 00:00:00,30:30:08,27.78,39,Inactive,41,18.0
2024-08-11 01:00:00,04:47:55,25.73,9,Active,62,18.5
2024-08-11 02:00:00,10:05:27,34.78,5,Active,89,19.0
2024-08-11 03:00:00,11:39:49,28.06,26,Active,30,19.5
2024-08-11 04:00:00,22:07:44,27.25,12,Active,54,20.0
2024-08-11 05:00:00,63:21:27,26.62,17,Active,97,20.5
2024-08-11 06:00:00,34:23:53,29.93,9,Inactive,22,21.0
2024-08-11 07:00:00,62:17:03,27.94,20,Active,2,21.5
2024-08-11 08:00:00,46:35:15,30.44,40,Failure,91,22.0
2024-08-11 09:00:00,69:50:01,28.92,33,Inactive,0,22.5
2024-08-11 10:00:00,19:59:45,30.82,23,Inactive,88,23.0
2024-08-11 11:00:00,23:21:19,32.8,30,Inactive,88,23.5
2024-08-11 12:00:00,17:08:23,26.71,17,Active,47,24.0
2024-08-11 13:00:00,51:29:08,25.83,1,Active,9,24.5
2024-08-11 14:00:00,16:30:20,33.8,38,Active,11,25.0
2024-08-11 15:00:00,11:29:57,30.7,12,Failure,46,25.5
2024-08-11 16:00:00,43:06:49,25.98,4,Active,27,26.0
2024-08-11 17:00:00,03:16:26,30.93,4,Failure,6,26.5
2024-08-11 18:00:00,11:17:13,33.1,16,Active,41,27.0
2024-08-11 19:00:00,42:06:26,27.29,21,Active,28,27.5
2024-08-11 20:00:00,23:34:51,28.09,11,Failure,10,28.0
2024-08-11 21:00:00,50:07:59,33.45,27,Active,57,28.5
2024-08-11 22:00:00,20:32:57,33.08,19,Active,33,29.0
2024-08-11 23:00:00,48:17:08,26.34,12,Inactive,32,29.5
2024-08-12 00:00:00,33:30:07,26.2,36,Failure,93,30.0
2024-08-12 01:00:00,34:42:26,33.91,13,Inactive,49,30.5
2024-08-12 02:00:00,69:08:51,29.27,4,Active,95,31.0
2024-08-12 03:00:00,21:25:57,27.46,19,Failure,14,31.5
2024-08-12 04:00:00,11:32:29,26.44,33,Failure,68,32.0
2024-08-12 05:00:00,62:48:43,31.28,23,Active,83,32.5
2024-08-12 06:00:00,52:32:57,33.39,14,Failure,43,33.0
2024-08-12 07:00:00,47:01:05,29.52,23,Active,78,33.5
2024-08-12 08:00:00,31:24:07,33.04,8,Inactive,33,34.0
2024-08-12 09:00:00,24:11:16,30.93,22,Failure,69,34.5
2024-08-12 10:00:00,16:46:41,29.63,40,Active,55,35.0
2024-08-12 11:00:00,16:57:51,26.62,17,Inactive,42,35.5
2024-08-12 12:00:00,51:41:17,27.32,7,Inactive,49,36.0
2024-08-12 13:00:00,18:29:20,33.83,8,Active,22,36.5
2024-08-12 14:00:00,38:37:43,25.6,17,Active,83,37.0
2024-08-12 15:00:00,33:01:42,34.64,14,Failure,44,37.5
2024-08-12 16:00:00,43:00:19,27.57,30,Active,11,38.0
2024-08-12 17:00:00,11:55:40,31.41,25,Active,56,38.5
2024-08-12 18:00:00,62:38:12,34.2,2,Failure,13,39.0
2024-08-12 19:00:00,72:09:26,26.66,30,Inactive,95,39.5
2024-08-12 20:00:00,70:17:39,32.33,36,Inactive,30,40.0
2024-08-12 21:00:00,42:35:46,30.03,25,Failure,88,40.5
2024-08-12 22:00:00,14:29:38,32.31,12,Active,59,41.0
2024-08-12 23:00:00,35:00:07,33.53,31,Inactive,38,41.5
2024-08-13 00:00:00,01:05:35,26.23,29,Failure,33,42.0
2024-08-13 01:00:00,52:27:20,34.95,18,Active,88,42.5
2024-08-13 02:00:00,38:46:19,28.56,4,Inactive,67,43.0
2024-08-13 03:00:00,37:18:07,26.48,24,Failure,83,43.5
2024-08-13 04:00:00,53:59:21,34.18,28,Active,80,44.0
2024-08-13 05:00:00,18:40:12,33.04,6,Failure,0,44.5
2024-08-13 06:00:00,12:31:10,27.31,1,Inactive,45,45.0
2024-08-13 07:00:00,46:57:31,31.52,15,Active,11,45.5
2024-08-13 08:00:00,08:41:14,32.71,36,Inactive,8,46.0
2024-08-13 09:00:00,20:08:47,33.15,16,Failure,77,46.5
2024-08-13 10:00:00,00:44:26,34.47,0,Inactive,45,47.0
2024-08-13 11:00:00,03:45:53,25.33,29,Failure,19,47.5
2024-08-13 12:00:00,16:37:05,30.81,33,Failure,81,48.0
2024-08-13 13:00:00,42:43:14,34.66,26,Failure,3,48.5
2024-08-13 14:00:00,51:51:25,28.58,8,Inactive,90,49.0
2024-08-13 15:00:00,70:58:15,33.54,4,Inactive,34,49.5
2024-08-13 16:00:00,45:03:23,30.56,16,Failure,39,50.0
2024-08-13 17:00:00,54:46:47,34.83,30,Inactive,58,50.5
2024-08-13 18:00:00,50:28:36,32.24,17,Inactive,70,51.0
2024-08-13 19:00:00,71:36:06,32.33,19,Active,2,51.5
2024-08-13 20:00:00,15:56:04,27.58,39,Inactive,27,52.0
2024-08-13 21:00:00,18:51:32,33.64,24,Inactive,30,52.5
2024-08-13 22:00:00,66:04:29,26.1,1,Inactive,96,53.0
2024-08-13 23:00:00,36:18:17,33.85,30,Active,18,53.5
2024-08-14 00:00:00,61:23:59,34.84,23,Inactive,64,54.0
2024-08-14 01:00:00,49:59:43,31.19,40,Inactive,84,54.5
2024-08-14 02:00:00,56:25:56,28.24,19,Inactive,78,55.0
2024-08-14 03:00:00,19:16:20,30.92,14,Active,26,55.5
2024-08-14 04:00:00,47:01:42,28.55,14,Active,46,56.0
2024-08-14 05:00:00,68:55:31,26.14,33,Failure,36,56.5
2024-08-14 06:00:00,68:42:30,29.72,6,Active,36,57.0
2024-08-14 07:00:00,35:50:56,32.37,31,Active,56,57.5
2024-08-14 08:00:00,50:20:55,28.48,40,Active,99,58.0
2024-08-14 09:00:00,08:34:56,26.9,19,Inactive,92,58.5
2024-08-14 10:00:00,52:06:46,33.37,4,Failure,25,59.0
2024-08-14 11:00:00,07:09:09,32.11,18,Failure,90,59.5
2024-08-14 12:00:00,61:12:19,25.49,24,Active,18,60.0
2024-08-14 13:00:00,07:38:37,27.15,33,Inactive,40,60.5
2024-08-14 14:00:00,04:03:25,25.65,29,Inactive,66,61.0
2024-08-14 15:00:00,37:01:41,25.47,29,Inactive,66,61.5
2024-08-14 16:00:00,45:55:28,33.37,26,Active,100,62.0
2024-08-14 17:00:00,02:53:46,31.34,17,Inactive,42,62.5
2024-08-14 18:00:00,48:36:18,30.84,17,Active,33,63.0
2024-08-14 19:00:00,48:22:12,33.53,12,Active,50,63.5
2024-08-14 20:00:00,06:42:44,32.04,2,Active,50,64.0
2024-08-14 21:00:00,11:11:14,33.46,23,Active,23,64.5
2024-08-14 22:00:00,01:09:50,31.46,12,Failure,12,65.0
2024-08-14 23:00:00,55:48:18,33.79,4,Active,34,65.5
2024-08-15 00:00:00,30:24:30,34.71,4,Active,81,66.0
2024-08-15 01:00:00,47:56:48,27.02,29,Active,98,66.5
2024-08-15 02:00:00,26:43:38,32.22,20,Active,7,67.0
2024-08-15 03:00:00,31:14:51,27.64,13,Active,79,67.5
2024-08-15 04:00:00,58:51:40,32.83,12,Active,37,68.0
2024-08-15 05:00:00,57:12:17,32.32,29,Inactive,74,68.5
2024-08-15 06:00:00,06:04:20,34.35,1,Inactive,36,69.0
2024-08-15 07:00:00,02:24:07,31.73,19,Failure,33,69.5
2024-08-15 08:00:00,25:13:51,25.36,8,Inactive,65,70.0
2024-08-15 09:00:00,39:48:12,26.85,8,Active,94,70.5
2024-08-15 10:00:00,03:44:05,34.58,6,Inactive,63,71.0
2024-08-15 11:00:00,58:09:51,29.1,12,Inactive,51,71.5
2024-08-15 12:00:00,32:31:52,27.65,35,Active,50,72.0
2024-08-15 13:00:00,60:51:57,27.15,30,Failure,54,72.5
2024-08-15 14:00:00,53:41:38,28.36,11,Active,30,73.0
2024-08-15 15:00:00,05:45:35,28.76,22,Active,57,73.5
2024-08-15 16:00:00,17:52:34,29.75,35,Failure,7,74.0
2024-08-15 17:00:00,38:01:24,25.98,39,Active,83,74.5
2024-08-15 18:00:00,19:18:24,30.77,23,Failure,97,75.0
2024-08-15 19:00:00,34:51:10,29.62,21,Active,2,75.5
2024-08-15 20:00:00,47:12:23,26.32,39,Active,21,76.0
2024-08-15 21:00:00,35:45:25,29.74,29,Active,83,76.5
2024-08-15 22:00:00,49:47:03,34.06,24,Failure,0,77.0
2024-08-15 23:00:00,32:37:17,29.63,34,Failure,9,77.5
2024-08-16 00:00:00,14:02:07,29.87,16,Active,54,78.0
2024-08-16 01:00:00,37:49:42,25.12,2,Active,26,78.5
2024-08-16 02:00:00,20:10:54,28.58,22,Active,70,79.0
2024-08-16 03:00:00,12:29:32,34.73,33,Failure,83,79.5
2024-08-16 04:00:00,58:55:05,30.38,32,Failure,55,80.0
2024-08-16 05:00:00,22:53:26,30.77,16,Active,86,80.5
2024-08-16 06:00:00,65:06:38,32.28,17,Inactive,12,81.0
2024-08-16 07:00:00,05:46:37,30.17,21,Active,91,81.5
2024-08-16 08:00:00,45:02:23,25.02,11,Inactive,53,82.0
2024-08-16 09:00:00,29:31:10,31.85,26,Active,86,82.5
2024-08-16 10:00:00,61:14:42,26.44,21,Inactive,54,83.0
2024-08-16 11:00:00,52:13:47,29.35,3,Failure,16,83.5
2024-08-16 12:00:00,21:54:59,31.87,6,Inactive,30,84.0
2024-08-16 13:00:00,69:58:32,28.69,8,Active,4,84.5
2024-08-16 14:00:00,43:08:13,30.25,5,Failure,9,85.0
2024-08-16 15:00:00,65:00:01,25.76,18,Inactive,28,85.5
2024-08-16 16:00:00,37:22:16,28.74,15,Active,78,86.0
2024-08-16 17:00:00,17:33:57,31.24,26,Active,41,86.5
2024-08-16 18:00:00,50:45:31,25.4,21,Failure,56,87.0
2024-08-16 19:00:00,54:03:55,30.5,13,Failure,18,87.5
2024-08-16 20:00:00,42:04:31,34.72,19,Inactive,79,88.0
2024-08-16 21:00:00,10:57:35,32.84,18,Failure,91,88.5
2024-08-16 22:00:00,49:35:03,33.79,9,Active,59,89.0
2024-08-16 23:00:00,25:40:25,30.76,38,Failure,87,89.5
2024-08-17 00:00:00,41:14:21,26.8,1,Inactive,44,90.0
2024-08-17 01:00:00,32:43:09,34.95,20,Active,3,90.5
2024-08-17 02:00:00,50:46:04,26.19,24,Failure,99,91.0
2024-08-17 03:00:00,01:56:13,31.6,21,Active,45,91.5
2024-08-17 04:00:00,65:05:01,27.34,12,Active,68,92.0
2024-08-17 05:00:00,52:29:33,25.84,36,Active,75,92.5
2024-08-17 06:00:00,43:05:27,34.77,7,Failure,56,93.0
2024-08-17 07:00:00,37:49:43,31.64,5,Failure,40,93.5
2024-08-17 08:00:00,71:28:59,32.77,18,Inactive,98,94.0
2024-08-17 09:00:00,46:26:04,34.59,27,Failure,94,94.5
2024-08-17 10:00:00,30:54:38,31.34,18,Active,98,95.0
2024-08-17 11:00:00,57:22:51,30.11,11,Active,23,95.5
2024-08-17 12:00:00,21:16:40,32.56,33,Failure,100,96.0
2024-08-17 13:00:00,72:04:04,33.28,15,Inactive,13,96.5
2024-08-17 14:00:00,55:52:09,31.31,33,Inactive,100,97.0
2024-08-17 15:00:00,35:24:04,28.76,6,Active,13,97.5
2024-08-17 16:00:00,44:30:38,26.53,12,Active,84,98.0
2024-08-17 17:00:00,26:38:00,26.21,36,Inactive,64,98.5
2024-08-17 18:00:00,66:11:56,31.63,14,Failure,75,99.0
2024-08-17 19:00:00,17:24:14,25.81,36,Inactive,2,99.5
2024-08-17 20:00:00,56:55:46,34.77,28,Inactive,70,100.0
2024-08-17 21:00:00,54:43:32,30.52,6,Failure,74,100.5
2024-08-17 22:00:00,46:26:32,31.32,37,Inactive,90,101.0
2024-08-17 23:00:00,53:42:21,33.96,12,Active,2,101.5
2024-08-18 00:00:00,55:31:56,29.85,9,Inactive,3,102.0
2024-08-18 01:00:00,38:44:16,34.33,36,Failure,95,102.5
2024-08-18 02:00:00,45:04:42,28.65,18,Failure,61,103.0
2024-08-18 03:00:00,39:56:18,26.51,28,Failure,58,103.5
2024-08-18 04:00:00,25:45:13,32.88,34,Active,14,104.0
2024-08-18 05:00:00,06:30:25,25.64,0,Active,13,104.5
2024-08-18 06:00:00,25:35:01,25.48,33,Failure,41,105.0
2024-08-18 07:00:00,45:36:11,30.93,28,Failure,64,105.5
2024-08-18 08:00:00,13:49:11,27.19,10,Inactive,40,106.0
2024-08-18 09:00:00,33:21:14,32.4,8,Inactive,25,106.5
2024-08-18 10:00:00,49:43:14,26.29,8,Active,71,107.0
2024-08-18 11:00:00,17:33:39,27.05,8,Failure,92,107.5
2024-08-18 12:00:00,49:03:38,31.0,37,Active,91,108.0
2024-08-18 13:00:00,12:22:01,25.49,1,Failure,96,108.5
2024-08-18 14:00:00,21:39:39,28.19,26,Active,46,109.0
2024-08-18 15:00:00,43:03:46,26.14,18,Failure,72,109.5
2024-08-18 16:00:00,55:04:47,32.36,24,Inactive,16,110.0
2024-08-18 17:00:00,48:13:57,30.52,26,Inactive,34,110.5
2024-08-18 18:00:00,37:45:10,27.77,13,Inactive,0,111.0
2024-08-18 19:00:00,00:23:02,31.43,22,Inactive,43,111.5
2024-08-18 20:00:00,10:32:06,33.24,33,Failure,50,112.0
2024-08-18 21:00:00,24:42:11,34.31,3,Active,55,112.5
2024-08-18 22:00:00,26:35:55,26.67,21,Active,8,113.0
2024-08-18 23:00:00,01:23:13,27.05,22,Failure,76,113.5
2024-08-19 00:00:00,11:35:29,31.43,15,Inactive,18,114.0
2024-08-19 01:00:00,70:43:24,25.67,1,Active,50,114.5
2024-08-19 02:00:00,31:03:15,33.03,33,Active,72,115.0
2024-08-19 03:00:00,61:43:12,28.57,9,Active,50,115.5
2024-08-19 04:00:00,55:31:06,26.13,37,Active,39,116.0
2024-08-19 05:00:00,57:11:02,27.97,4,Failure,47,116.5
2024-08-19 06:00:00,26:23:03,33.34,35,Active,73,117.0
2024-08-19 07:00:00,54:51:00,28.28,39,Inactive,56,117.5
2024-08-19 08:00:00,68:56:25,26.69,34,Active,60,118.0
2024-08-19 09:00:00,29:39:59,28.11,31,Inactive,75,118.5
2024-08-19 10:00:00,17:40:17,32.54,20,Failure,22,119.0
2024-08-19 11:00:00,64:51:16,32.19,29,Active,49,119.5
2024-08-19 12:00:00,45:54:04,30.21,17,Failure,36,120.0
2024-08-19 13:00:00,52:21:41,25.04,19,Inactive,27,120.5
2024-08-19 14:00:00,54:22:58,33.74,21,Failure,21,121.0
2024-08-19 15:00:00,61:26:36,32.69,3,Active,3,121.5
2024-08-19 16:00:00,28:24:18,27.47,31,Active,14,122.0
2024-08-19 17:00:00,69:11:54,28.48,27,Inactive,17,122.5
2024-08-19 18:00:00,05:19:55,27.39,31,Active,70,123.0
2024-08-19 19:00:00,30:44:38,33.04,11,Failure,21,123.5
2024-08-19 20:00:00,36:57:54,28.82,22,Active,53,124.0
2024-08-19 21:00:00,07:42:58,28.89,13,Failure,26,124.5
2024-08-19 22:00:00,51:54:13,32.06,0,Active,50,125.0
2024-08-19 23:00:00,13:14:40,25.01,17,Inactive,67,125.5
2024-08-20 00:00:00,65:17:43,30.61,10,Inactive,18,126.0
2024-08-20 01:00:00,20:39:13,30.14,23,Failure,75,126.5
2024-08-20 02:00:00,00:27:56,33.79,11,Inactive,97,127.0
2024-08-20 03:00:00,48:36:26,28.45,35,Active,54,127.5
2024-08-20 04:00:00,67:25:07,32.71,19,Failure,8,128.0
2024-08-20 05:00:00,11:50:32,33.59,23,Inactive,60,128.5
2024-08-20 06:00:00,24:30:34,33.78,1,Failure,62,129.0
2024-08-20 07:00:00,67:03:11,34.79,2,Failure,67,129.5
2024-08-20 08:00:00,38:38:33,27.0,1,Inactive,79,130.0
2024-08-20 09:00:00,30:10:04,27.55,33,Active,64,130.5
2024-08-20 10:00:00,56:42:48,31.61,2,Inactive,93,131.0
2024-08-20 11:00:00,63:57:17,34.58,33,Failure,79,131.5
2024-08-20 12:00:00,27:11:47,27.24,39,Active,60,132.0
2024-08-20 13:00:00,15:09:24,31.7,34,Active,26,132.5
2024-08-20 14:00:00,60:14:41,30.29,20,Active,44,133.0
2024-08-20 15:00:00,66:38:50,27.26,34,Failure,3,133.5
2024-08-20 16:00:00,70:18:59,27.54,9,Active,21,134.0
2024-08-20 17:00:00,42:50:50,32.63,22,Failure,90,134.5
2024-08-20 18:00:00,66:06:49,29.65,6,Inactive,69,135.0
2024-08-20 19:00:00,68:41:03,31.49,29,Inactive,88,135.5
2024-08-20 20:00:00,18:19:18,26.23,0,Inactive,35,136.0
2024-08-20 21:00:00,00:02:04,28.63,10,Failure,30,136.5
2024-08-20 22:00:00,14:50:06,28.45,30,Active,13,137.0
2024-08-20 23:00:00,68:43:24,32.02,7,Failure,42,137.5
2024-08-21 00:00:00,48:21:49,29.24,21,Failure,83,138.0
2024-08-21 01:00:00,09:52:47,29.4,3,Failure,95,138.5
2024-08-21 02:00:00,23:42:44,31.63,18,Inactive,25,139.0
2024-08-21 03:00:00,66:20:51,26.99,19,Failure,4,139.5
2024-08-21 04:00:00,37:21:32,33.33,29,Failure,60,140.0
2024-08-21 05:00:00,19:30:15,29.47,9,Active,92,140.5
2024-08-21 06:00:00,59:43:14,33.78,20,Active,56,141.0
2024-08-21 07:00:00,16:06:08,34.69,29,Inactive,63,141.5
2024-08-21 08:00:00,63:38:11,26.93,8,Failure,35,142.0
2024-08-21 09:00:00,67:57:00,27.76,25,Active,0,142.5
2024-08-21 10:00:00,29:45:18,30.07,20,Inactive,19,143.0
2024-08-21 11:00:00,03:45:42,26.3,18,Active,68,143.5
2024-08-21 12:00:00,42:25:49,34.12,20,Failure,20,144.0
2024-08-21 13:00:00,19:01:14,33.68,3,Failure,14,144.5
2024-08-21 14:00:00,60:01:46,29.37,21,Inactive,61,145.0
2024-08-21 15:00:00,16:34:09,25.33,34,Failure,49,145.5
2024-08-21 16:00:00,60:30:54,31.82,20,Active,30,146.0
2024-08-21 17:00:00,16:43:54,34.59,5,Failure,28,146.5
2024-08-21 18:00:00,11:19:00,32.0,4,Inactive,72,147.0
2024-08-21 19:00:00,61:21:22,25.35,10,Inactive,88,147.5
2024-08-21 20:00:00,52:44:08,27.11,18,Active,61,148.0
2024-08-21 21:00:00,54:10:14,30.28,4,Failure,60,148.5
2024-08-21 22:00:00,17:36:11,30.27,20,Failure,12,149.0
2024-08-21 23:00:00,36:00:32,28.77,20,Failure,57,149.5
2024-08-22 00:00:00,56:20:14,33.48,2,Inactive,98,150.0
2024-08-22 01:00:00,26:08:07,25.18,36,Failure,57,150.5
2024-08-22 02:00:00,39:03:59,32.7,33,Inactive,47,151.0
2024-08-22 03:00:00,37:24:53,32.86,19,Inactive,9,151.5
2024-08-22 04:00:00,28:57:19,28.49,32,Active,57,152.0
2024-08-22 05:00:00,42:17:00,32.55,21,Failure,64,152.5
2024-08-22 06:00:00,59:10:05,34.82,30,Failure,81,153.0
2024-08-22 07:00:00,64:59:45,30.86,7,Failure,14,153.5
2024-08-22 08:00:00,36:20:20,34.04,7,Failure,30,154.0
2024-08-22 09:00:00,41:24:15,28.16,15,Failure,20,154.5
2024-08-22 10:00:00,41:56:25,33.82,8,Inactive,36,155.0
2024-08-22 11:00:00,47:45:41,33.82,4,Active,58,155.5
2024-08-22 12:00:00,33:50:06,34.66,21,Failure,85,156.0
2024-08-22 13:00:00,58:08:46,28.29,32,Inactive,82,156.5
2024-08-22 14:00:00,71:57:33,31.93,6,Active,37,157.0
2024-08-22 15:00:00,02:57:49,30.51,2,Failure,17,157.5
2024-08-22 16:00:00,56:34:32,26.07,21,Inactive,74,158.0
2024-08-22 17:00:00,06:09:49,33.41,15,Failure,84,158.5
2024-08-22 18:00:00,37:38:37,29.3,4,Failure,90,159.0
2024-08-22 19:00:00,23:25:56,31.29,24,Failure,52,159.5
2024-08-22 20:00:00,04:35:35,34.68,24,Failure,27,160.0
2024-08-22 21:00:00,37:33:35,28.3,37,Failure,98,160.5
2024-08-22 22:00:00,11:55:10,28.28,32,Failure,82,161.0
2024-08-22 23:00:00,71:58:14,27.93,19,Active,38,161.5
2024-08-23 00:00:00,03:26:39,25.36,1,Inactive,77,162.0
2024-08-23 01:00:00,43:16:51,27.78,6,Active,28,162.5
2024-08-23 02:00:00,51:48:33,30.81,17,Inactive,58,163.0
2024-08-23 03:00:00,27:11:40,27.01,26,Inactive,79,163.5
2024-08-23 04:00:00,53:45:17,25.46,40,Failure,56,164.0
2024-08-23 05:00:00,59:36:47,30.29,1,Inactive,92,164.5
2024-08-23 06:00:00,71:49:29,32.88,9,Active,71,165.0
2024-08-23 07:00:00,11:21:53,25.43,15,Failure,43,165.5
2024-08-23 08:00:00,43:39:31,25.29,1,Active,54,166.0
2024-08-23 09:00:00,51:21:26,27.73,29,Active,21,166.5
2024-08-23 10:00:00,56:59:32,26.67,18,Failure,84,167.0
2024-08-23 11:00:00,48:22:34,25.23,30,Inactive,61,167.5
2024-08-23 12:00:00,30:31:19,31.56,6,Failure,1,168.0
2024-08-23 13:00:00,12:21:31,29.83,1,Failure,65,168.5
2024-08-23 14:00:00,45:13:25,26.28,1,Active,10,169.0
2024-08-23 15:00:00,28:19:26,26.98,19,Failure,86,169.5
2024-08-23 16:00:00,35:48:00,26.97,16,Active,15,170.0
2024-08-23 17:00:00,67:20:10,25.94,25,Failure,76,170.5
2024-08-23 18:00:00,49:59:17,26.88,19,Active,43,171.0
2024-08-23 19:00:00,45:00:23,28.49,34,Inactive,50,171.5
2024-08-23 20:00:00,44:19:50,32.18,19,Inactive,96,172.0
2024-08-23 21:00:00,56:48:15,26.07,21,Active,12,172.5
2024-08-23 22:00:00,28:18:38,33.45,32,Inactive,43,173.0
2024-08-23 23:00:00,31:46:09,28.74,38,Failure,45,173.5
2024-08-24 00:00:00,52:10:13,31.99,9,Active,85,174.0
2024-08-24 01:00:00,41:02:04,31.69,30,Inactive,43,174.5
2024-08-24 02:00:00,08:12:42,32.57,21,Inactive,95,175.0
2024-08-24 03:00:00,00:47:08,25.78,15,Failure,67,175.5
2024-08-24 04:00:00,56:27:00,32.58,13,Active,47,176.0
2024-08-24 05:00:00,36:12:21,30.46,2,Active,70,176.5
2024-08-24 06:00:00,51:23:08,34.29,1,Failure,39,177.0
2024-08-24 07:00:00,61:16:56,32.09,23,Failure,9,177.5
2024-08-24 08:00:00,47:45:33,27.81,31,Failure,74,178.0
2024-08-24 09:00:00,38:15:46,29.56,35,Active,96,178.5
2024-08-24 10:00:00,33:48:16,28.28,13,Failure,52,179.0
2024-08-24 11:00:00,69:03:20,31.13,5,Active,32,179.5
2024-08-24 12:00:00,07:10:30,29.57,33,Active,15,180.0
2024-08-24 13:00:00,49:21:29,26.12,36,Active,67,180.5
2024-08-24 14:00:00,47:07:47,33.04,9,Failure,35,181.0
2024-08-24 15:00:00,00:32:14,29.13,7,Failure,39,181.5
2024-08-24 16:00:00,53:05:48,34.92,9,Inactive,3,182.0
2024-08-24 17:00:00,69:02:26,34.01,15,Inactive,26,182.5
2024-08-24 18:00:00,43:21:32,31.16,1,Failure,68,183.0
2024-08-24 19:00:00,14:12:24,29.22,9,Inactive,15,183.5
2024-08-24 20:00:00,63:34:36,34.69,22,Failure,70,184.0
2024-08-24 21:00:00,08:11:49,31.66,22,Active,33,184.5
2024-08-24 22:00:00,44:18:23,29.26,12,Active,74,185.0
2024-08-24 23:00:00,56:02:54,26.43,15,Active,34,185.5
2024-08-25 00:00:00,28:49:47,29.67,13,Active,36,186.0
2024-08-25 01:00:00,12:04:39,25.66,20,Failure,10,186.5
2024-08-25 02:00:00,35:13:19,31.52,21,Inactive,87,187.0
2024-08-25 03:00:00,54:48:41,26.03,35,Active,45,187.5
2024-08-25 04:00:00,69:40:39,33.75,39,Inactive,36,188.0
2024-08-25 05:00:00,07:50:29,26.13,37,Active,20,188.5
2024-08-25 06:00:00,25:25:58,33.5,0,Active,80,189.0
2024-08-25 07:00:00,34:55:56,26.18,30,Failure,7,189.5
2024-08-25 08:00:00,27:51:01,29.08,3,Inactive,1,190.0
2024-08-25 09:00:00,51:44:40,33.33,4,Active,31,190.5
2024-08-25 10:00:00,01:07:09,28.92,38,Failure,34,191.0
2024-08-25 11:00:00,59:32:00,27.5,18,Active,23,191.5
2024-08-25 12:00:00,67:07:22,26.37,0,Failure,33,192.0
2024-08-25 13:00:00,01:05:34,31.38,3,Failure,35,192.5
2024-08-25 14:00:00,51:30:57,28.6,12,Active,0,193.0
2024-08-25 15:00:00,11:15:52,33.22,6,Active,31,193.5
2024-08-25 16:00:00,36:12:18,28.7,27,Failure,44,194.0
2024-08-25 17:00:00,45:00:51,26.63,17,Inactive,4,194.5
2024-08-25 18:00:00,71:59:27,25.44,6,Inactive,78,195.0
2024-08-25 19:00:00,01:43:45,30.72,20,Inactive,98,195.5
2024-08-25 20:00:00,51:30:14,34.56,8,Inactive,12,196.0
2024-08-25 21:00:00,49:43:50,32.6,13,Inactive,87,196.5
2024-08-25 22:00:00,34:01:08,32.1,19,Active,28,197.0
2024-08-25 23:00:00,56:10:22,29.36,4,Inactive,44,197.5
2024-08-26 00:00:00,31:47:48,30.67,26,Active,74,198.0
2024-08-26 01:00:00,34:10:25,26.91,2,Inactive,66,198.5
2024-08-26 02:00:00,59:59:42,29.14,34,Inactive,36,199.0
2024-08-26 03:00:00,24:15:25,32.46,2,Active,26,199.5
2024-08-26 04:00:00,43:00:09,29.53,28,Active,15,200.0
2024-08-26 05:00:00,29:24:15,27.05,17,Failure,70,200.5
2024-08-26 06:00:00,45:06:18,28.73,23,Failure,99,201.0
2024-08-26 07:00:00,12:13:06,25.84,15,Inactive,58,201.5
2024-08-26 08:00:00,22:27:11,27.54,5,Inactive,59,202.0
2024-08-26 09:00:00,60:46:59,27.41,22,Failure,25,202.5
2024-08-26 10:00:00,47:34:38,26.69,7,Active,28,203.0
2024-08-26 11:00:00,65:49:35,29.36,23,Active,13,203.5
2024-08-26 12:00:00,10:51:31,30.21,34,Inactive,53,204.0
2024-08-26 13:00:00,56:21:00,33.36,7,Active,42,204.5
2024-08-26 14:00:00,35:39:10,27.05,24,Failure,22,205.0
2024-08-26 15:00:00,04:34:21,27.27,9,Active,100,205.5
2024-08-26 16:00:00,31:37:23,31.72,5,Failure,97,206.0
2024-08-26 17:00:00,10:25:33,29.67,21,Active,95,206.5
2024-08-26 18:00:00,23:53:58,26.73,29,Inactive,66,207.0
2024-08-26 19:00:00,56:14:04,27.66,8,Inactive,69,207.5
2024-08-26 20:00:00,46:17:45,33.14,21,Active,52,208.0
2024-08-26 21:00:00,53:49:53,29.53,5,Failure,82,208.5
2024-08-26 22:00:00,37:10:31,33.71,10,Active,2,209.0
2024-08-26 23:00:00,38:02:59,34.23,21,Active,97,209.5
2024-08-27 00:00:00,62:14:50,28.99,29,Inactive,98,210.0
2024-08-27 01:00:00,63:08:14,26.45,8,Inactive,32,210.5
2024-08-27 02:00:00,08:18:26,33.79,32,Active,63,211.0
2024-08-27 03:00:00,53:18:24,31.97,13,Inactive,60,211.5
2024-08-27 04:00:00,12:10:00,27.75,12,Failure,96,212.0
2024-08-27 05:00:00,09:47:24,30.62,20,Active,11,212.5
2024-08-27 06:00:00,45:29:33,25.05,2,Active,94,213.0
2024-08-27 07:00:00,30:57:16,32.95,4,Inactive,53,213.5
2024-08-27 08:00:00,40:33:47,25.2,20,Active,5,214.0
2024-08-27 09:00:00,65:50:57,28.5,20,Inactive,60,214.5
2024-08-27 10:00:00,63:21:42,31.08,11,Inactive,15,215.0
2024-08-27 11:00:00,40:55:14,32.67,22,Active,67,215.5
2024-08-27 12:00:00,62:06:19,34.86,1,Inactive,38,216.0
2024-08-27 13:00:00,41:59:07,31.65,26,Active,44,216.5
2024-08-27 14:00:00,48:37:23,25.16,11,Active,77,217.0
2024-08-27 15:00:00,04:07:19,26.11,36,Inactive,79,217.5
2024-08-27 16:00:00,42:58:16,27.55,28,Active,58,218.0
2024-08-27 17:00:00,53:00:05,30.4,18,Inactive,83,218.5
2024-08-27 18:00:00,49:39:41,32.47,26,Active,8,219.0
2024-08-27 19:00:00,20:42:07,25.69,37,Failure,10,219.5
2024-08-27 20:00:00,49:46:09,27.84,29,Active,32,220.0
2024-08-27 21:00:00,53:23:56,25.24,22,Active,70,220.5
2024-08-27 22:00:00,15:01:49,34.12,34,Active,56,221.0
2024-08-27 23:00:00,58:45:04,31.18,20,Inactive,27,221.5
2024-08-28 00:00:00,61:07:36,33.15,24,Active,87,222.0
2024-08-28 01:00:00,70:14:38,33.43,1,Inactive,87,222.5
2024-08-28 02:00:00,32:23:11,27.63,36,Active,23,223.0
2024-08-28 03:00:00,65:38:55,28.87,31,Inactive,46,223.5
2024-08-28 04:00:00,31:54:52,29.75,32,Active,52,224.0
2024-08-28 05:00:00,03:15:18,26.39,11,Failure,72,224.5
2024-08-28 06:00:00,25:54:17,33.19,39,Failure,54,225.0
2024-08-28 07:00:00,58:04:52,33.89,14,Failure,63,225.5
2024-08-28 08:00:00,64:37:55,30.02,11,Active,63,226.0
2024-08-28 09:00:00,29:43:14,32.11,33,Active,37,226.5
2024-08-28 10:00:00,35:33:58,31.6,28,Failure,87,227.0
2024-08-28 11:00:00,33:56:50,28.8,22,Active,38,227.5
2024-08-28 12:00:00,04:30:34,29.61,9,Active,96,228.0
2024-08-28 13:00:00,11:13:06,31.8,35,Inactive,75,228.5
2024-08-28 14:00:00,07:40:24,31.81,25,Active,76,229.0
2024-08-28 15:00:00,29:06:58,27.4,34,Failure,25,229.5
2024-08-28 16:00:00,06:19:25,26.97,21,Failure,62,230.0
2024-08-28 17:00:00,55:48:35,25.37,36,Active,81,230.5
2024-08-28 18:00:00,07:49:48,31.73,17,Active,27,231.0
2024-08-28 19:00:00,27:36:19,32.42,36,Failure,70,231.5
2024-08-28 20:00:00,04:19:18,32.56,37,Inactive,43,232.0
2024-08-28 21:00:00,72:01:17,32.28,30,Inactive,42,232.5
2024-08-28 22:00:00,36:20:55,29.28,3,Failure,52,233.0
2024-08-28 23:00:00,26:10:36,32.07,32,Failure,46,233.5
2024-08-29 00:00:00,63:24:37,27.55,19,Failure,11,234.0
2024-08-29 01:00:00,25:43:45,26.78,35,Failure,42,234.5
2024-08-29 02:00:00,46:18:49,26.36,20,Failure,36,235.0
2024-08-29 03:00:00,52:34:21,31.8,34,Failure,66,235.5
2024-08-29 04:00:00,18:19:23,32.08,5,Active,23,236.0
2024-08-29 05:00:00,42:01:51,27.84,13,Inactive,32,236.5
2024-08-29 06:00:00,25:15:18,28.26,7,Inactive,96,237.0
2024-08-29 07:00:00,39:13:40,25.32,16,Inactive,25,237.5
2024-08-29 08:00:00,30:14:02,25.17,18,Inactive,12,238.0
2024-08-29 09:00:00,41:19:36,30.95,0,Inactive,66,238.5
2024-08-29 10:00:00,52:30:02,34.04,26,Active,30,239.0
2024-08-29 11:00:00,20:31:16,31.74,16,Active,1,239.5
2024-08-29 12:00:00,45:53:48,32.98,30,Inactive,38,240.0
2024-08-29 13:00:00,23:55:07,32.24,24,Active,15,240.5
2024-08-29 14:00:00,32:29:41,30.38,32,Active,66,241.0
2024-08-29 15:00:00,28:34:50,32.79,35,Failure,72,241.5
2024-08-29 16:00:00,07:59:23,34.12,38,Inactive,92,242.0
2024-08-29 17:00:00,02:54:25,28.1,3,Inactive,93,242.5
2024-08-29 18:00:00,65:26:49,33.4,14,Failure,69,243.0
2024-08-29 19:00:00,02:20:24,28.69,33,Failure,22,243.5
2024-08-29 20:00:00,47:07:43,34.75,26,Active,43,244.0
2024-08-29 21:00:00,59:57:25,25.97,38,Active,86,244.5
2024-08-29 22:00:00,37:13:11,31.45,3,Active,17,245.0
2024-08-29 23:00:00,34:13:44,31.62,30,Inactive,88,245.5
2024-08-30 00:00:00,55:42:16,26.29,25,Inactive,67,246.0
2024-08-30 01:00:00,29:05:14,28.77,38,Inactive,28,246.5
2024-08-30 02:00:00,70:06:36,33.84,39,Inactive,22,247.0
2024-08-30 03:00:00,30:48:14,33.56,0,Inactive,15,247.5
2024-08-30 04:00:00,17:08:38,34.05,8,Inactive,97,248.0
2024-08-30 05:00:00,39:41:43,27.8,6,Inactive,40,248.5
2024-08-30 06:00:00,26:50:31,30.09,32,Inactive,10,249.0
2024-08-30 07:00:00,38:44:28,27.26,16,Failure,47,249.5
2024-08-30 08:00:00,08:18:15,26.88,13,Failure,84,250.0
2024-08-30 09:00:00,00:09:09,25.45,31,Failure,3,250.5
2024-08-30 10:00:00,14:17:24,28.8,9,Inactive,81,251.0
2024-08-30 11:00:00,45:54:53,33.88,40,Failure,9,251.5
2024-08-30 12:00:00,44:31:22,34.14,16,Inactive,12,252.0
2024-08-30 13:00:00,03:43:47,34.09,31,Inactive,38,252.5
2024-08-30 14:00:00,19:17:50,31.48,3,Failure,84,253.0
2024-08-30 15:00:00,08:09:36,31.97,32,Active,85,253.5
2024-08-30 16:00:00,06:24:46,32.43,31,Active,92,254.0
2024-08-30 17:00:00,66:09:00,27.92,31,Active,77,254.5
2024-08-30 18:00:00,05:01:31,30.06,23,Inactive,59,255.0
2024-08-30 19:00:00,13:56:52,30.8,26,Inactive,68,255.5
2024-08-30 20:00:00,42:58:33,32.13,30,Failure,7,256.0
2024-08-30 21:00:00,20:24:24,33.66,15,Failure,23,256.5
2024-08-30 22:00:00,67:01:50,33.0,35,Failure,4,257.0
2024-08-30 23:00:00,06:40:34,27.29,6,Inactive,89,257.5
2024-08-31 00:00:00,40:39:17,33.43,40,Failure,0,258.0
2024-08-31 01:00:00,14:46:12,28.39,38,Inactive,50,258.5
2024-08-31 02:00:00,39:32:33,28.8,35,Inactive,27,259.0
2024-08-31 03:00:00,07:21:36,34.45,26,Active,2,259.5
2024-08-31 04:00:00,54:20:57,27.54,29,Inactive,23,260.0
2024-08-31 05:00:00,48:02:15,29.02,39,Inactive,15,260.5
2024-08-31 06:00:00,33:05:24,34.14,18,Failure,100,261.0
2024-08-31 07:00:00,47:27:58,31.2,2,Failure,23,261.5
2024-08-31 08:00:00,44:57:05,26.59,29,Failure,20,262.0
2024-08-31 09:00:00,01:57:22,26.81,18,Inactive,74,262.5
2024-08-31 10:00:00,22:13:12,34.12,26,Active,7,263.0
2024-08-31 11:00:00,38:05:49,30.05,16,Inactive,43,263.5
2024-08-31 12:00:00,55:34:13,32.05,37,Failure,94,264.0
2024-08-31 13:00:00,55:24:00,26.23,7,Active,96,264.5
2024-08-31 14:00:00,65:24:44,25.4,22,Failure,75,265.0
2024-08-31 15:00:00,58:41:38,28.92,6,Inactive,98,265.5
2024-08-31 16:00:00,34:35:37,32.59,7,Active,27,266.0
2024-08-31 17:00:00,02:13:16,33.79,39,Active,52,266.5
2024-08-31 18:00:00,47:17:44,34.02,16,Active,96,267.0
2024-08-31 19:00:00,42:12:18,29.53,20,Active,48,267.5
2024-08-31 20:00:00,67:27:38,31.42,6,Inactive,48,268.0
2024-08-31 21:00:00,26:13:49,26.94,20,Failure,78,268.5
2024-08-31 22:00:00,57:16:22,27.86,38,Failure,55,269.0
2024-08-31 23:00:00,33:29:55,27.82,15,Active,82,269.5
2024-09-01 00:00:00,22:44:43,27.7,31,Failure,54,270.0
2024-09-01 01:00:00,48:10:35,25.37,40,Active,55,270.5
2024-09-01 02:00:00,55:23:18,26.08,6,Active,68,271.0
2024-09-01 03:00:00,72:05:19,32.65,0,Active,6,271.5
2024-09-01 04:00:00,71:18:47,31.47,36,Inactive,91,272.0
2024-09-01 05:00:00,48:21:01,30.4,11,Inactive,75,272.5
2024-09-01 06:00:00,62:12:01,32.68,14,Failure,1,273.0
2024-09-01 07:00:00,48:49:52,25.17,40,Active,64,273.5
2024-09-01 08:00:00,28:03:36,30.83,3,Inactive,33,274.0
2024-09-01 09:00:00,49:36:37,33.52,25,Inactive,1,274.5
2024-09-01 10:00:00,22:04:24,31.7,0,Inactive,30,275.0
2024-09-01 11:00:00,35:10:52,29.23,30,Active,55,275.5
2024-09-01 12:00:00,43:24:04,28.01,1,Active,47,276.0
2024-09-01 13:00:00,09:32:13,25.93,29,Inactive,61,276.5
2024-09-01 14:00:00,59:26:23,32.14,33,Inactive,66,277.0
2024-09-01 15:00:00,18:08:20,34.13,36,Inactive,77,277.5
2024-09-01 16:00:00,09:06:41,30.0,12,Active,74,278.0
2024-09-01 17:00:00,55:40:40,34.59,14,Inactive,82,278.5
2024-09-01 18:00:00,71:34:50,27.18,10,Failure,53,279.0
2024-09-01 19:00:00,37:34:30,34.29,22,Active,83,279.5
2024-09-01 20:00:00,13:04:10,26.06,13,Active,7,280.0
2024-09-01 21:00:00,51:07:42,30.03,26,Inactive,16,280.5
2024-09-01 22:00:00,50:38:27,26.56,18,Inactive,15,281.0
2024-09-01 23:00:00,13:47:15,34.56,2,Inactive,27,281.5
2024-09-02 00:00:00,64:19:25,30.87,5,Active,74,282.0
2024-09-02 01:00:00,04:18:32,30.35,14,Failure,31,282.5
2024-09-02 02:00:00,54:57:54,27.64,2,Active,88,283.0
2024-09-02 03:00:00,16:13:07,28.74,6,Inactive,29,283.5
2024-09-02 04:00:00,09:23:44,28.81,20,Active,94,284.0
2024-09-02 05:00:00,32:25:24,32.3,6,Inactive,85,284.5
2024-09-02 06:00:00,00:03:40,29.98,29,Inactive,3,285.0
2024-09-02 07:00:00,68:46:37,34.81,12,Active,28,285.5
2024-09-02 08:00:00,40:49:22,34.22,23,Inactive,100,286.0
2024-09-02 09:00:00,01:12:54,33.72,20,Active,9,286.5
2024-09-02 10:00:00,26:23:44,27.26,5,Active,77,287.0
2024-09-02 11:00:00,46:18:38,32.18,7,Inactive,13,287.5
2024-09-02 12:00:00,01:02:17,27.05,8,Failure,10,288.0
2024-09-02 13:00:00,35:28:44,29.07,3,Failure,86,288.5
2024-09-02 14:00:00,45:48:49,25.69,27,Active,74,289.0
2024-09-02 15:00:00,48:55:03,28.75,34,Failure,90,289.5
2024-09-02 16:00:00,18:45:30,31.97,37,Active,21,290.0
2024-09-02 17:00:00,45:34:57,29.86,28,Failure,43,290.5
2024-09-02 18:00:00,35:34:21,26.05,8,Failure,43,291.0
2024-09-02 19:00:00,28:10:54,25.08,40,Inactive,32,291.5
2024-09-02 20:00:00,02:44:24,34.68,22,Inactive,89,292.0
2024-09-02 21:00:00,36:55:45,34.76,37,Active,93,292.5
2024-09-02 22:00:00,24:01:02,34.26,18,Active,86,293.0
2024-09-02 23:00:00,72:34:40,30.12,4,Active,83,293.5
2024-09-03 00:00:00,11:41:35,29.53,3,Failure,73,294.0
2024-09-03 01:00:00,42:53:59,27.18,0,Failure,57,294.5
2024-09-03 02:00:00,34:28:50,26.75,29,Active,86,295.0
2024-09-03 03:00:00,35:51:08,33.05,37,Active,26,295.5
2024-09-03 04:00:00,48:22:22,29.76,33,Active,93,296.0
2024-09-03 05:00:00,39:30:45,26.74,1,Failure,16,296.5
2024-09-03 06:00:00,47:18:38,31.18,25,Inactive,2,297.0
2024-09-03 07:00:00,39:03:18,29.37,15,Failure,33,297.5
2024-09-03 08:00:00,24:45:22,25.56,16,Inactive,35,298.0
2024-09-03 09:00:00,00:24:13,27.45,30,Active,98,298.5
2024-09-03 10:00:00,05:07:48,27.54,10,Inactive,59,299.0
2024-09-03 11:00:00,59:02:18,31.0,39,Failure,36,299.5
2024-09-03 12:00:00,39:20:42,26.75,25,Failure,35,300.0
2024-09-03 13:00:00,36:51:11,34.88,19,Inactive,28,300.5
2024-09-03 14:00:00,52:38:46,33.66,26,Failure,33,301.0
2024-09-03 15:00:00,47:39:12,32.69,28,Active,49,301.5
2024-09-03 16:00:00,38:14:16,33.64,20,Active,9,302.0
2024-09-03 17:00:00,60:07:28,32.93,36,Inactive,51,302.5
2024-09-03 18:00:00,37:06:46,31.38,20,Inactive,52,303.0
2024-09-03 19:00:00,60:23:08,30.31,35,Inactive,95,303.5
2024-09-03 20:00:00,64:43:21,27.19,10,Inactive,74,304.0
2024-09-03 21:00:00,49:53:14,25.59,13,Inactive,66,304.5
2024-09-03 22:00:00,19:31:24,30.97,24,Failure,34,305.0
2024-09-03 23:00:00,01:48:22,26.36,31,Active,91,305.5
2024-09-04 00:00:00,53:21:53,30.04,25,Inactive,17,306.0
2024-09-04 01:00:00,28:50:20,32.81,20,Failure,68,306.5
2024-09-04 02:00:00,71:09:24,27.68,23,Failure,92,307.0
2024-09-04 03:00:00,70:40:32,28.88,8,Failure,52,307.5
2024-09-04 04:00:00,27:47:10,28.87,7,Inactive,36,308.0
2024-09-04 05:00:00,44:22:36,32.87,32,Failure,41,308.5
2024-09-04 06:00:00,07:01:18,32.4,30,Failure,1,309.0
2024-09-04 07:00:00,10:21:41,31.86,38,Active,50,309.5
2024-09-04 08:00:00,08:38:34,26.1,38,Inactive,32,310.0
2024-09-04 09:00:00,53:36:54,34.91,11,Active,28,310.5
2024-09-04 10:00:00,64:58:19,30.49,0,Failure,42,311.0
2024-09-04 11:00:00,19:23:11,29.17,36,Inactive,25,311.5
2024-09-04 12:00:00,26:52:40,34.45,12,Failure,9,312.0
2024-09-04 13:00:00,47:26:52,31.28,32,Inactive,91,312.5
2024-09-04 14:00:00,29:03:54,28.39,12,Failure,56,313.0
2024-09-04 15:00:00,25:26:28,27.08,19,Active,24,313.5
2024-09-04 16:00:00,54:05:27,30.99,8,Failure,1,314.0
2024-09-04 17:00:00,72:29:29,28.59,15,Failure,9,314.5
2024-09-04 18:00:00,13:08:29,34.58,39,Active,58,315.0
2024-09-04 19:00:00,52:46:58,27.4,6,Inactive,5,315.5
2024-09-04 20:00:00,37:04:56,26.67,16,Active,13,316.0
2024-09-04 21:00:00,16:29:50,32.85,21,Active,57,316.5
2024-09-04 22:00:00,51:42:33,33.19,3,Failure,20,317.0
2024-09-04 23:00:00,11:22:10,27.12,19,Failure,71,317.5
2024-09-05 00:00:00,07:51:55,27.75,13,Failure,15,318.0
2024-09-05 01:00:00,16:34:31,31.15,13,Active,43,318.5
2024-09-05 02:00:00,46:25:48,26.56,35,Active,64,319.0
2024-09-05 03:00:00,45:32:10,30.06,13,Failure,82,319.5
2024-09-05 04:00:00,72:37:49,30.89,4,Active,82,320.0
2024-09-05 05:00:00,20:34:41,26.88,29,Inactive,98,320.5
2024-09-05 06:00:00,41:11:09,28.06,9,Inactive,46,321.0
2024-09-05 07:00:00,10:30:28,28.23,8,Failure,47,321.5
2024-09-05 08:00:00,09:38:22,32.96,3,Failure,82,322.0
2024-09-05 09:00:00,46:17:10,28.51,37,Failure,74,322.5
2024-09-05 10:00:00,09:05:27,31.93,15,Inactive,100,323.0
2024-09-05 11:00:00,61:28:56,34.51,20,Active,94,323.5
2024-09-05 12:00:00,70:15:25,25.87,35,Active,75,324.0
2024-09-05 13:00:00,64:13:00,29.12,18,Failure,9,324.5
2024-09-05 14:00:00,71:35:44,30.15,0,Failure,88,325.0
2024-09-05 15:00:00,07:58:20,29.09,29,Failure,49,325.5
2024-09-05 16:00:00,53:08:46,25.26,8,Inactive,24,326.0
2024-09-05 17:00:00,12:52:37,30.12,24,Active,81,326.5
2024-09-05 18:00:00,06:48:08,27.97,21,Inactive,88,327.0
2024-09-05 19:00:00,07:37:04,30.1,12,Active,71,327.5
2024-09-05 20:00:00,72:16:58,28.76,13,Failure,52,328.0
2024-09-05 21:00:00,55:13:59,32.66,39,Active,8,328.5
2024-09-05 22:00:00,31:45:10,26.06,17,Inactive,41,329.0
2024-09-05 23:00:00,29:52:08,32.78,13,Inactive,20,329.5
2024-09-06 00:00:00,58:18:16,30.85,12,Inactive,36,330.0
2024-09-06 01:00:00,61:40:00,32.28,25,Active,56,330.5
2024-09-06 02:00:00,60:40:40,29.25,16,Failure,87,331.0
2024-09-06 03:00:00,17:57:35,31.13,33,Active,30,331.5
2024-09-06 04:00:00,65:12:23,31.45,1,Inactive,75,332.0
2024-09-06 05:00:00,05:21:08,25.8,32,Inactive,49,332.5
2024-09-06 06:00:00,09:43:20,28.88,35,Active,98,333.0
2024-09-06 07:00:00,03:31:42,27.21,27,Inactive,5,333.5
2024-09-06 08:00:00,22:54:00,27.86,6,Inactive,81,334.0
2024-09-06 09:00:00,60:24:24,26.36,7,Inactive,37,334.5
2024-09-06 10:00:00,43:47:06,27.85,17,Inactive,10,335.0
2024-09-06 11:00:00,06:29:49,34.32,24,Failure,3,335.5
2024-09-06 12:00:00,13:26:20,25.91,33,Inactive,57,336.0
2024-09-06 13:00:00,25:10:38,27.5,23,Inactive,91,336.5
2024-09-06 14:00:00,50:15:35,29.21,25,Failure,49,337.0
2024-09-06 15:00:00,27:23:04,27.24,9,Inactive,18,337.5
2024-09-06 16:00:00,33:41:49,33.75,8,Inactive,57,338.0
2024-09-06 17:00:00,17:46:42,31.33,32,Active,41,338.5
2024-09-06 18:00:00,12:44:51,28.43,15,Inactive,98,339.0
2024-09-06 19:00:00,72:11:05,29.85,28,Failure,97,339.5
2024-09-06 20:00:00,16:50:08,34.18,16,Failure,13,340.0
2024-09-06 21:00:00,21:07:54,30.7,20,Failure,85,340.5
2024-09-06 22:00:00,71:27:06,32.86,0,Active,48,341.0
2024-09-06 23:00:00,61:08:26,26.14,7,Failure,44,341.5
2024-09-07 00:00:00,59:28:40,26.26,21,Active,16,342.0
2024-09-07 01:00:00,69:18:52,27.49,39,Active,71,342.5
2024-09-07 02:00:00,58:39:06,33.6,38,Inactive,7,343.0
2024-09-07 03:00:00,08:54:25,25.31,40,Failure,46,343.5
2024-09-07 04:00:00,13:04:25,31.21,30,Failure,62,344.0
2024-09-07 05:00:00,00:17:02,30.69,8,Inactive,68,344.5
2024-09-07 06:00:00,12:26:14,33.21,38,Active,77,345.0
2024-09-07 07:00:00,17:42:19,28.99,32,Inactive,50,345.5
2024-09-07 08:00:00,08:28:22,27.01,34,Failure,100,346.0
2024-09-07 09:00:00,67:19:31,29.22,35,Inactive,48,346.5
2024-09-07 10:00:00,23:44:29,29.99,22,Failure,78,347.0
2024-09-07 11:00:00,48:12:30,25.85,14,Failure,73,347.5
2024-09-07 12:00:00,25:49:58,27.13,20,Inactive,66,348.0
2024-09-07 13:00:00,36:07:36,31.72,26,Inactive,7,348.5
2024-09-07 14:00:00,22:16:35,27.57,7,Active,54,349.0
2024-09-07 15:00:00,17:04:25,28.08,18,Failure,84,349.5
2024-09-07 16:00:00,40:19:30,30.7,31,Inactive,97,350.0
2024-09-07 17:00:00,11:42:45,28.09,36,Failure,75,350.5
2024-09-07 18:00:00,30:03:43,30.49,15,Active,90,351.0
2024-09-07 19:00:00,63:17:47,31.33,4,Active,49,351.5
2024-09-07 20:00:00,45:16:40,29.0,0,Active,92,352.0
2024-09-07 21:00:00,68:14:56,32.63,39,Failure,0,352.5
2024-09-07 22:00:00,68:10:33,29.88,21,Failure,9,353.0
2024-09-07 23:00:00,31:43:44,31.76,33,Inactive,90,353.5
2024-09-08 00:00:00,31:42:52,29.09,4,Inactive,69,354.0
2024-09-08 01:00:00,05:15:59,25.26,11,Active,60,354.5
2024-09-08 02:00:00,17:59:26,33.95,16,Inactive,54,355.0
2024-09-08 03:00:00,36:38:19,33.78,7,Inactive,69,355.5
2024-09-08 04:00:00,05:05:22,25.92,7,Failure,67,356.0
2024-09-08 05:00:00,36:09:26,28.8,8,Inactive,81,356.5
2024-09-08 06:00:00,41:35:02,26.25,33,Inactive,92,357.0
2024-09-08 07:00:00,06:51:29,26.48,40,Failure,57,357.5
2024-09-08 08:00:00,58:34:29,30.54,14,Active,22,358.0
2024-09-08 09:00:00,38:16:38,29.26,7,Active,67,358.5
2024-09-08 10:00:00,59:47:51,30.65,19,Inactive,94,359.0
2024-09-08 11:00:00,12:13:13,31.21,32,Inactive,32,359.5
2024-09-08 12:00:00,15:28:28,31.22,11,Active,26,360.0
2024-09-08 13:00:00,19:42:00,31.93,13,Active,63,360.5
2024-09-08 14:00:00,20:19:11,33.86,30,Active,68,361.0
2024-09-08 15:00:00,31:50:19,34.12,27,Failure,44,361.5
2024-09-08 16:00:00,41:32:27,28.63,24,Failure,34,362.0
2024-09-08 17:00:00,42:49:45,31.3,34,Failure,57,362.5
2024-09-08 18:00:00,25:28:54,27.24,33,Failure,36,363.0
2024-09-08 19:00:00,29:07:56,32.74,2,Failure,34,363.5
2024-09-08 20:00:00,04:19:10,28.56,20,Inactive,24,364.0
2024-09-08 21:00:00,37:17:50,27.84,21,Inactive,29,364.5
2024-09-08 22:00:00,65:11:15,30.89,20,Failure,77,365.0
2024-09-08 23:00:00,21:24:38,30.59,31,Inactive,57,365.5
2024-09-09 00:00:00,26:59:25,29.61,0,Failure,93,366.0
2024-09-09 01:00:00,25:34:49,25.87,24,Active,80,366.5
2024-09-09 02:00:00,54:30:57,25.15,23,Active,71,367.0
2024-09-09 03:00:00,55:56:58,25.63,34,Active,59,367.5
2024-09-09 04:00:00,37:09:46,31.7,25,Inactive,68,368.0
2024-09-09 05:00:00,33:36:16,34.88,3,Failure,86,368.5
2024-09-09 06:00:00,52:19:09,26.3,30,Inactive,6,369.0
2024-09-09 07:00:00,63:51:11,34.51,26,Inactive,57,369.5
2024-09-09 08:00:00,62:51:47,31.81,27,Active,48,370.0
2024-09-09 09:00:00,03:50:37,30.17,11,Inactive,1,370.5
2024-09-09 10:00:00,60:29:56,26.68,35,Active,88,371.0
2024-09-09 11:00:00,02:19:28,32.44,18,Active,16,371.5
2024-09-09 12:00:00,41:38:12,30.04,39,Failure,25,372.0
2024-09-09 13:00:00,17:15:39,26.67,37,Active,1,372.5
2024-09-09 14:00:00,44:25:33,31.03,22,Active,66,373.0
2024-09-09 15:00:00,17:13:39,29.85,39,Failure,27,373.5
2024-09-09 16:00:00,58:12:17,33.5,32,Active,14,374.0
2024-09-09 17:00:00,52:30:20,30.62,1,Failure,97,374.5
2024-09-09 18:00:00,60:15:26,32.44,26,Active,89,375.0
2024-09-09 19:00:00,65:05:10,30.44,37,Failure,21,375.5
2024-09-09 20:00:00,03:23:08,25.08,26,Inactive,14,376.0
2024-09-09 21:00:00,08:21:15,30.91,1,Failure,64,376.5
2024-09-09 22:00:00,08:12:13,31.19,13,Failure,44,377.0
2024-09-09 23:00:00,64:16:43,26.87,2,Active,31,377.5
2024-09-10 00:00:00,24:35:52,34.67,14,Failure,4,378.0
2024-09-10 01:00:00,67:56:55,27.08,9,Active,32,378.5
2024-09-10 02:00:00,43:20:54,30.35,20,Active,46,379.0
2024-09-10 03:00:00,62:00:45,28.21,25,Active,45,379.5
2024-09-10 04:00:00,05:15:49,32.0,6,Active,42,380.0
2024-09-10 05:00:00,46:07:43,27.57,38,Failure,99,380.5
2024-09-10 06:00:00,63:37:05,30.31,13,Active,54,381.0
2024-09-10 07:00:00,39:53:29,29.46,17,Active,8,381.5
2024-09-10 08:00:00,46:14:49,34.55,0,Failure,26,382.0
2024-09-10 09:00:00,68:12:54,25.56,20,Inactive,37,382.5
2024-09-10 10:00:00,39:45:29,29.64,27,Failure,91,383.0
2024-09-10 11:00:00,72:57:41,25.84,33,Failure,28,383.5
2024-09-10 12:00:00,07:44:57,30.02,33,Active,97,384.0
2024-09-10 13:00:00,65:11:30,27.18,37,Failure,96,384.5
2024-09-10 14:00:00,07:30:17,34.68,5,Active,58,385.0
2024-09-10 15:00:00,06:59:54,32.78,0,Active,77,385.5
2024-09-10 16:00:00,56:21:18,27.09,14,Active,17,386.0
2024-09-10 17:00:00,04:48:36,33.42,15,Failure,62,386.5
2024-09-10 18:00:00,02:53:08,28.42,20,Inactive,20,387.0
2024-09-10 19:00:00,34:45:07,32.79,19,Active,67,387.5
2024-09-10 20:00:00,46:24:42,30.02,29,Failure,12,388.0
2024-09-10 21:00:00,63:16:38,25.41,18,Inactive,37,388.5
2024-09-10 22:00:00,46:53:00,27.98,12,Failure,13,389.0
2024-09-10 23:00:00,67:16:12,25.57,32,Active,98,389.5
2024-09-11 00:00:00,06:58:38,26.98,17,Active,35,390.0
2024-09-11 01:00:00,03:38:53,33.82,38,Inactive,15,390.5
2024-09-11 02:00:00,57:45:17,25.77,0,Failure,23,391.0
2024-09-11 03:00:00,24:47:41,31.05,30,Failure,13,391.5
2024-09-11 04:00:00,47:30:28,26.55,25,Inactive,33,392.0
2024-09-11 05:00:00,07:52:26,29.27,35,Active,44,392.5
2024-09-11 06:00:00,02:06:13,26.26,37,Inactive,11,393.0
2024-09-11 07:00:00,48:54:41,32.15,10,Active,41,393.5
2024-09-11 08:00:00,15:15:04,33.55,25,Active,75,394.0
2024-09-11 09:00:00,55:30:21,31.04,14,Active,16,394.5
2024-09-11 10:00:00,33:42:53,31.85,37,Active,8,395.0
2024-09-11 11:00:00,37:02:55,26.75,21,Inactive,18,395.5
2024-09-11 12:00:00,50:36:23,25.76,18,Active,75,396.0
2024-09-11 13:00:00,60:32:14,32.04,29,Inactive,69,396.5
2024-09-11 14:00:00,43:23:23,27.39,26,Inactive,82,397.0
2024-09-11 15:00:00,71:27:59,26.57,19,Active,18,397.5
2024-09-11 16:00:00,29:51:06,30.8,37,Failure,44,398.0
2024-09-11 17:00:00,34:56:39,29.29,17,Active,86,398.5
2024-09-11 18:00:00,39:06:57,26.21,24,Failure,59,399.0
2024-09-11 19:00:00,33:26:06,31.03,38,Inactive,59,399.5
2024-09-11 20:00:00,48:46:58,32.05,24,Inactive,52,400.0
2024-09-11 21:00:00,67:11:11,25.28,17,Failure,61,400.5
2024-09-11 22:00:00,08:15:01,33.77,13,Inactive,6,401.0
2024-09-11 23:00:00,29:50:25,26.27,3,Failure,20,401.5
2024-09-12 00:00:00,64:25:24,28.4,5,Inactive,94,402.0
2024-09-12 01:00:00,54:59:56,32.42,30,Inactive,54,402.5
2024-09-12 02:00:00,65:05:34,29.67,36,Inactive,83,403.0
2024-09-12 03:00:00,04:54:30,34.2,22,Failure,46,403.5
2024-09-12 04:00:00,20:35:03,25.72,18,Active,73,404.0
2024-09-12 05:00:00,29:30:20,28.81,19,Inactive,69,404.5
2024-09-12 06:00:00,63:41:48,27.45,26,Inactive,37,405.0
2024-09-12 07:00:00,62:49:35,27.58,37,Failure,15,405.5
2024-09-12 08:00:00,17:10:52,34.7,15,Failure,63,406.0
2024-09-12 09:00:00,50:43:13,28.05,35,Failure,27,406.5
2024-09-12 10:00:00,34:53:30,28.18,22,Failure,55,407.0
2024-09-12 11:00:00,70:40:02,32.56,27,Active,10,407.5
2024-09-12 12:00:00,62:59:20,28.01,21,Active,82,408.0
2024-09-12 13:00:00,43:59:59,27.03,16,Failure,34,408.5
2024-09-12 14:00:00,64:18:25,33.61,32,Active,37,409.0
2024-09-12 15:00:00,31:41:21,31.48,32,Failure,54,409.5
2024-09-12 16:00:00,17:05:49,30.08,4,Active,18,410.0
2024-09-12 17:00:00,59:26:50,29.44,0,Active,35,410.5
2024-09-12 18:00:00,61:43:42,31.44,12,Active,37,411.0
2024-09-12 19:00:00,30:55:24,30.31,15,Active,82,411.5
2024-09-12 20:00:00,28:55:09,28.13,20,Active,98,412.0
2024-09-12 21:00:00,65:27:19,27.3,35,Failure,68,412.5
2024-09-12 22:00:00,03:11:53,33.34,12,Failure,38,413.0
2024-09-12 23:00:00,26:53:09,28.07,7,Active,6,413.5
2024-09-13 00:00:00,40:26:44,31.14,1,Failure,80,414.0
2024-09-13 01:00:00,10:44:50,34.31,20,Failure,56,414.5
2024-09-13 02:00:00,36:57:14,28.29,40,Failure,79,415.0
2024-09-13 03:00:00,13:47:14,29.55,6,Active,53,415.5
2024-09-13 04:00:00,01:19:05,32.65,34,Active,69,416.0
2024-09-13 05:00:00,26:30:25,27.28,3,Inactive,69,416.5
2024-09-13 06:00:00,50:09:01,30.89,2,Failure,73,417.0
2024-09-13 07:00:00,04:25:24,31.25,23,Failure,79,417.5
2024-09-13 08:00:00,36:50:52,26.6,1,Active,33,418.0
2024-09-13 09:00:00,57:01:57,27.21,1,Active,72,418.5
2024-09-13 10:00:00,26:58:00,27.82,6,Active,63,419.0
2024-09-13 11:00:00,28:21:40,29.4,14,Inactive,23,419.5
2024-09-13 12:00:00,03:11:53,30.46,35,Active,77,420.0
2024-09-13 13:00:00,67:36:39,32.7,24,Inactive,100,420.5
2024-09-13 14:00:00,42:14:18,34.61,29,Failure,74,421.0
2024-09-13 15:00:00,05:48:03,30.31,5,Inactive,0,421.5
2024-09-13 16:00:00,37:47:37,30.75,25,Inactive,87,422.0
2024-09-13 17:00:00,15:02:04,32.07,28,Inactive,82,422.5
2024-09-13 18:00:00,30:49:16,25.43,2,Failure,44,423.0
2024-09-13 19:00:00,15:38:58,29.57,27,Inactive,67,423.5
2024-09-13 20:00:00,42:41:01,31.29,37,Inactive,92,424.0
2024-09-13 21:00:00,25:59:38,32.51,32,Inactive,88,424.5
2024-09-13 22:00:00,60:03:39,25.89,8,Active,13,425.0
2024-09-13 23:00:00,03:07:56,33.43,8,Active,54,425.5
2024-09-14 00:00:00,64:20:57,34.99,29,Failure,35,426.0
2024-09-14 01:00:00,57:50:08,26.26,30,Failure,14,426.5
2024-09-14 02:00:00,53:55:38,29.9,33,Active,60,427.0
2024-09-14 03:00:00,09:15:51,34.37,4,Active,88,427.5
2024-09-14 04:00:00,19:06:51,33.02,26,Failure,84,428.0
2024-09-14 05:00:00,01:23:41,31.93,33,Inactive,49,428.5
2024-09-14 06:00:00,68:41:25,31.93,39,Failure,14,429.0
2024-09-14 07:00:00,27:06:23,32.72,16,Inactive,49,429.5
2024-09-14 08:00:00,50:12:11,33.44,3,Inactive,54,430.0
2024-09-14 09:00:00,59:42:45,31.95,25,Inactive,62,430.5
2024-09-14 10:00:00,10:52:43,26.78,0,Active,14,431.0
2024-09-14 11:00:00,57:02:39,32.31,7,Inactive,79,431.5
2024-09-14 12:00:00,72:15:05,26.89,4,Inactive,59,432.0
2024-09-14 13:00:00,45:18:08,34.36,38,Inactive,43,432.5
2024-09-14 14:00:00,43:07:34,34.99,34,Active,10,433.0
2024-09-14 15:00:00,68:00:01,28.57,18,Failure,58,433.5
2024-09-14 16:00:00,57:54:51,30.3,19,Failure,88,434.0
2024-09-14 17:00:00,37:20:55,25.89,6,Failure,15,434.5
2024-09-14 18:00:00,37:13:29,25.25,7,Failure,89,435.0
2024-09-14 19:00:00,16:17:06,31.46,40,Failure,19,435.5
2024-09-14 20:00:00,47:58:07,25.9,35,Inactive,85,436.0
2024-09-14 21:00:00,20:43:26,31.35,19,Inactive,1,436.5
2024-09-14 22:00:00,20:16:12,33.51,5,Inactive,56,437.0
2024-09-14 23:00:00,10:00:52,34.81,22,Failure,4,437.5
2024-09-15 00:00:00,44:53:13,33.42,26,Active,38,438.0
2024-09-15 01:00:00,12:35:21,34.49,39,Failure,22,438.5
2024-09-15 02:00:00,70:05:52,32.78,15,Failure,81,439.0
2024-09-15 03:00:00,33:22:43,26.81,40,Active,82,439.5
2024-09-15 04:00:00,26:41:43,31.36,37,Active,68,440.0
2024-09-15 05:00:00,14:24:30,27.71,0,Inactive,30,440.5
2024-09-15 06:00:00,55:25:29,30.38,8,Inactive,3,441.0
2024-09-15 07:00:00,67:55:43,28.29,31,Failure,79,441.5
2024-09-15 08:00:00,54:08:27,30.78,13,Failure,8,442.0
2024-09-15 09:00:00,09:14:43,31.14,24,Inactive,90,442.5
2024-09-15 10:00:00,41:17:44,31.91,4,Failure,33,443.0
2024-09-15 11:00:00,39:13:49,27.51,33,Failure,80,443.5
2024-09-15 12:00:00,60:00:44,27.31,6,Active,27,444.0
2024-09-15 13:00:00,15:29:05,27.9,3,Inactive,0,444.5
2024-09-15 14:00:00,04:18:54,30.69,11,Active,80,445.0
2024-09-15 15:00:00,37:31:53,33.47,38,Failure,100,445.5
2024-09-15 16:00:00,17:56:58,27.36,2,Inactive,42,446.0
2024-09-15 17:00:00,67:55:16,30.72,8,Active,25,446.5
2024-09-15 18:00:00,21:11:26,29.24,5,Inactive,31,447.0
2024-09-15 19:00:00,02:16:55,31.89,36,Inactive,44,447.5
2024-09-15 20:00:00,51:52:37,31.16,29,Failure,58,448.0
2024-09-15 21:00:00,17:17:01,30.33,20,Failure,75,448.5
2024-09-15 22:00:00,22:20:05,27.13,14,Inactive,14,449.0
2024-09-15 23:00:00,27:04:16,26.43,22,Inactive,90,449.5
2024-09-16 00:00:00,61:15:23,28.47,19,Failure,1,450.0
2024-09-16 01:00:00,35:47:50,31.85,29,Failure,92,450.5
2024-09-16 02:00:00,11:32:00,25.7,33,Failure,74,451.0
2024-09-16 03:00:00,24:07:10,28.39,29,Failure,46,451.5
2024-09-16 04:00:00,70:04:45,25.71,13,Inactive,3,452.0
2024-09-16 05:00:00,10:06:47,33.94,22,Failure,96,452.5
2024-09-16 06:00:00,66:56:37,33.31,33,Active,85,453.0
2024-09-16 07:00:00,52:39:41,30.61,35,Inactive,71,453.5
2024-09-16 08:00:00,53:49:05,25.15,19,Inactive,45,454.0
2024-09-16 09:00:00,49:50:15,34.25,15,Failure,99,454.5
2024-09-16 10:00:00,10:56:59,30.53,0,Inactive,47,455.0
2024-09-16 11:00:00,64:46:00,26.54,30,Failure,77,455.5
2024-09-16 12:00:00,28:53:29,33.74,27,Inactive,58,456.0
2024-09-16 13:00:00,42:04:58,31.21,11,Failure,19,456.5
2024-09-16 14:00:00,50:55:03,33.8,29,Active,45,457.0
2024-09-16 15:00:00,23:25:16,34.94,4,Inactive,30,457.5
2024-09-16 16:00:00,34:42:29,27.49,16,Inactive,22,458.0
2024-09-16 17:00:00,11:14:51,28.15,28,Failure,32,458.5
2024-09-16 18:00:00,47:25:31,26.41,29,Failure,37,459.0
2024-09-16 19:00:00,26:42:10,26.26,18,Inactive,94,459.5
2024-09-16 20:00:00,62:57:51,25.83,36,Failure,33,460.0
2024-09-16 21:00:00,00:54:28,28.75,4,Inactive,17,460.5
2024-09-16 22:00:00,36:24:35,25.81,2,Failure,10,461.0
2024-09-16 23:00:00,66:12:17,32.99,7,Inactive,14,461.5
2024-09-17 00:00:00,26:11:35,33.64,15,Inactive,60,462.0
2024-09-17 01:00:00,68:58:12,25.74,24,Active,88,462.5
2024-09-17 02:00:00,42:36:41,26.75,38,Inactive,21,463.0
2024-09-17 03:00:00,10:55:58,31.41,18,Active,34,463.5
2024-09-17 04:00:00,47:53:52,34.27,35,Active,97,464.0
2024-09-17 05:00:00,69:49:29,33.77,38,Active,30,464.5
2024-09-17 06:00:00,34:51:32,33.35,31,Inactive,22,465.0
2024-09-17 07:00:00,50:03:19,32.54,2,Active,74,465.5
2024-09-17 08:00:00,23:00:32,30.62,22,Inactive,33,466.0
2024-09-17 09:00:00,29:21:57,28.5,29,Active,93,466.5
2024-09-17 10:00:00,45:21:52,29.07,24,Active,14,467.0
2024-09-17 11:00:00,39:43:35,30.66,23,Failure,53,467.5
2024-09-17 12:00:00,53:44:30,30.59,23,Inactive,70,468.0
2024-09-17 13:00:00,22:25:44,31.65,5,Failure,95,468.5
2024-09-17 14:00:00,37:06:27,34.49,9,Inactive,74,469.0
2024-09-17 15:00:00,43:24:42,30.83,23,Inactive,27,469.5
2024-09-17 16:00:00,00:51:08,33.22,33,Inactive,45,470.0
2024-09-17 17:00:00,48:39:59,30.81,25,Failure,25,470.5
2024-09-17 18:00:00,55:10:57,26.71,30,Failure,73,471.0
2024-09-17 19:00:00,26:53:49,32.08,35,Failure,19,471.5
2024-09-17 20:00:00,40:10:59,28.57,30,Active,92,472.0
2024-09-17 21:00:00,42:27:40,26.9,25,Failure,18,472.5
2024-09-17 22:00:00,65:05:43,26.93,6,Active,44,473.0
2024-09-17 23:00:00,14:03:02,29.41,3,Inactive,31,473.5
2024-09-18 00:00:00,56:20:57,27.01,14,Failure,86,474.0
2024-09-18 01:00:00,54:40:39,26.34,20,Active,0,474.5
2024-09-18 02:00:00,51:31:46,27.9,24,Failure,71,475.0
2024-09-18 03:00:00,20:25:19,26.19,20,Failure,3,475.5
2024-09-18 04:00:00,01:30:05,31.75,4,Inactive,95,476.0
2024-09-18 05:00:00,27:30:25,31.11,25,Inactive,50,476.5
2024-09-18 06:00:00,59:11:08,34.8,34,Inactive,64,477.0
2024-09-18 07:00:00,30:19:44,28.4,7,Failure,39,477.5
2024-09-18 08:00:00,10:42:24,26.72,9,Active,46,478.0
2024-09-18 09:00:00,68:01:30,33.36,7,Active,68,478.5
2024-09-18 10:00:00,60:15:46,33.58,39,Inactive,1,479.0
2024-09-18 11:00:00,51:25:20,33.13,34,Failure,71,479.5
2024-09-18 12:00:00,15:57:24,27.45,27,Failure,96,480.0
2024-09-18 13:00:00,30:14:41,25.37,26,Failure,96,480.5
2024-09-18 14:00:00,12:32:49,31.66,26,Inactive,92,481.0
2024-09-18 15:00:00,40:17:26,26.19,19,Active,21,481.5
2024-09-18 16:00:00,61:41:11,29.68,1,Inactive,36,482.0
2024-09-18 17:00:00,13:18:27,34.43,32,Inactive,63,482.5
2024-09-18 18:00:00,27:25:27,29.29,18,Inactive,53,483.0
2024-09-18 19:00:00,09:51:18,30.45,35,Inactive,58,483.5
2024-09-18 20:00:00,28:22:28,27.0,20,Active,76,484.0
2024-09-18 21:00:00,12:49:45,33.14,4,Active,58,484.5
2024-09-18 22:00:00,13:22:12,33.54,35,Inactive,97,485.0
2024-09-18 23:00:00,36:34:25,27.03,33,Failure,3,485.5
2024-09-19 00:00:00,55:43:04,26.64,19,Active,65,486.0
2024-09-19 01:00:00,40:37:04,33.08,38,Failure,61,486.5
2024-09-19 02:00:00,55:59:21,30.42,14,Active,27,487.0
2024-09-19 03:00:00,50:02:31,34.67,34,Active,44,487.5
2024-09-19 04:00:00,04:05:15,28.22,21,Inactive,7,488.0
2024-09-19 05:00:00,47:05:54,33.15,5,Failure,71,488.5
2024-09-19 06:00:00,09:17:28,26.03,16,Failure,8,489.0
2024-09-19 07:00:00,32:38:59,25.73,29,Active,8,489.5
2024-09-19 08:00:00,51:00:14,32.88,3,Failure,31,490.0
2024-09-19 09:00:00,54:09:06,28.34,23,Failure,37,490.5
2024-09-19 10:00:00,60:06:29,34.84,4,Failure,51,491.0
2024-09-19 11:00:00,69:23:08,30.59,25,Inactive,53,491.5
2024-09-19 12:00:00,57:34:02,33.56,35,Inactive,98,492.0
2024-09-19 13:00:00,16:56:23,34.56,2,Active,84,492.5
2024-09-19 14:00:00,07:48:01,34.55,14,Active,8,493.0
2024-09-19 15:00:00,02:17:16,32.6,7,Failure,19,493.5
2024-09-19 16:00:00,10:16:04,28.29,19,Inactive,98,494.0
2024-09-19 17:00:00,71:29:16,34.13,30,Inactive,23,494.5
2024-09-19 18:00:00,27:57:44,33.53,34,Active,47,495.0
2024-09-19 19:00:00,16:04:43,29.95,30,Active,28,495.5
2024-09-19 20:00:00,05:12:29,26.97,38,Inactive,65,496.0
2024-09-19 21:00:00,61:17:55,29.7,38,Failure,20,496.5
2024-09-19 22:00:00,20:27:00,27.59,7,Inactive,0,497.0
2024-09-19 23:00:00,41:17:41,32.66,7,Failure,38,497.5
2024-09-20 00:00:00,37:14:54,34.16,31,Failure,56,498.0
2024-09-20 01:00:00,50:28:45,32.26,39,Inactive,83,498.5
2024-09-20 02:00:00,00:37:30,31.16,39,Active,59,499.0
2024-09-20 03:00:00,36:33:08,32.16,24,Failure,89,499.5
2024-09-20 04:00:00,02:41:57,30.38,29,Inactive,46,500.0
2024-09-20 05:00:00,67:46:23,25.24,6,Active,82,500.5
2024-09-20 06:00:00,00:38:29,30.09,3,Failure,64,501.0
2024-09-20 07:00:00,47:34:11,29.16,22,Failure,30,501.5
2024-09-20 08:00:00,43:20:23,30.66,16,Failure,23,502.0
2024-09-20 09:00:00,58:27:07,33.89,37,Inactive,86,502.5
2024-09-20 10:00:00,60:34:20,25.07,21,Inactive,50,503.0
2024-09-20 11:00:00,30:50:21,30.07,16,Failure,26,503.5
2024-09-20 12:00:00,14:43:35,33.33,18,Active,19,504.0
2024-09-20 13:00:00,54:59:42,26.12,1,Inactive,92,504.5
2024-09-20 14:00:00,25:45:30,34.1,1,Failure,48,505.0
2024-09-20 15:00:00,71:38:55,26.58,14,Inactive,50,505.5
2024-09-20 16:00:00,06:00:50,26.83,18,Active,48,506.0
2024-09-20 17:00:00,57:35:16,27.38,38,Active,57,506.5
2024-09-20 18:00:00,30:17:50,34.17,36,Inactive,60,507.0
2024-09-20 19:00:00,69:57:47,33.36,39,Failure,2,507.5
2024-09-20 20:00:00,41:34:43,34.73,38,Failure,20,508.0
2024-09-20 21:00:00,56:37:29,33.51,23,Active,74,508.5
2024-09-20 22:00:00,59:45:07,31.24,9,Active,96,509.0
2024-09-20 23:00:00,23:13:06,27.06,26,Active,41,509.5
2024-09-21 00:00:00,30:51:10,30.32,32,Active,43,510.0
